yearID,lgID,teamIDBR
1871,NA,BOS
1871,NA,CHI
1871,NA,CLE
1871,NA,KEK
1871,NA,NYU
1871,NA,ATH
1871,NA,ROK
1871,NA,TRO
1871,NA,OLY
1872,NA,BAL
1872,NA,ECK
1872,NA,BRA
1872,NA,BOS
1872,NA,CLE
1872,NA,MAN
1872,NA,NYU
1872,NA,ATH
1872,NA,TRO
1872,NA,OLY
1872,NA,NAT
1873,NA,BAL
1873,NA,MAR
1873,NA,BRA
1873,NA,BOS
1873,NA,RES
1873,NA,NYU
1873,NA,ATH
1873,NA,PHI
1873,NA,WAS
1874,NA,BAL
1874,NA,BRA
1874,NA,BOS
1874,NA,CHI
1874,NA,HAR
1874,NA,NYU
1874,NA,ATH
1874,NA,PHI
1875,NA,BRA
1875,NA,BOS
1875,NA,CHI
1875,NA,HAR
1875,NA,WES
1875,NA,NHV
1875,NA,NYU
1875,NA,ATH
1875,NA,PHI
1875,NA,CEN
1875,NA,SLR
1875,NA,STL
1875,NA,WAS
1876,NL,BSN
1876,NL,CHC
1876,NL,CIN
1876,NL,HAR
1876,NL,LOU
1876,NL,NYU
1876,NL,ATH
1876,NL,STL
1877,NL,BSN
1877,NL,CHC
1877,NL,CIN
1877,NL,HAR
1877,NL,LOU
1877,NL,STL
1878,NL,BSN
1878,NL,CHC
1878,NL,CIN
1878,NL,IND
1878,NL,MLG
1878,NL,PRO
1879,NL,BUF
1879,NL,BSN
1879,NL,CHC
1879,NL,CLV
1879,NL,CIN
1879,NL,PRO
1879,NL,SYR
1879,NL,TRO
1880,NL,BUF
1880,NL,BSN
1880,NL,CHC
1880,NL,CLV
1880,NL,CIN
1880,NL,PRO
1880,NL,TRO
1880,NL,WOR
1881,NL,BUF
1881,NL,BSN
1881,NL,CHC
1881,NL,CLV
1881,NL,DTN
1881,NL,PRO
1881,NL,TRO
1881,NL,WOR
1882,NL,BUF
1882,AA,BAL
1882,NL,BSN
1882,NL,CHC
1882,NL,CLV
1882,AA,CIN
1882,NL,DTN
1882,AA,LOU
1882,AA,PHA
1882,NL,PRO
1882,AA,PIT
1882,AA,STL
1882,NL,TRO
1882,NL,WOR
1883,NL,BUF
1883,AA,BAL
1883,NL,BSN
1883,NL,CHC
1883,NL,CLV
1883,AA,COL
1883,AA,CIN
1883,NL,DTN
1883,AA,LOU
1883,NL,NYG
1883,AA,NYP
1883,AA,PHA
1883,NL,PHI
1883,NL,PRO
1883,AA,PIT
1883,AA,STL
1884,UA,ALT
1884,NL,BUF
1884,AA,BAL
1884,UA,BLU
1884,AA,BRO
1884,NL,BSN
1884,UA,BOS
1884,NL,CHC
1884,UA,CPI
1884,NL,CLV
1884,AA,COL
1884,AA,CIN
1884,UA,COR
1884,NL,DTN
1884,AA,IND
1884,UA,KCC
1884,AA,LOU
1884,UA,MIL
1884,NL,NYG
1884,AA,NYP
1884,AA,PHA
1884,NL,PHI
1884,UA,PHK
1884,NL,PRO
1884,AA,PIT
1884,AA,RIC
1884,AA,STL
1884,UA,SLM
1884,UA,STP
1884,AA,TOL
1884,UA,WIL
1884,AA,WAS
1884,UA,WHS
1885,NL,BUF
1885,AA,BAL
1885,AA,BRO
1885,NL,BSN
1885,NL,CHC
1885,AA,CIN
1885,NL,DTN
1885,AA,LOU
1885,NL,NYG
1885,AA,NYP
1885,AA,PHA
1885,NL,PHI
1885,NL,PRO
1885,AA,PIT
1885,AA,STL
1885,NL,SLM
1886,AA,BAL
1886,AA,BRO
1886,NL,BSN
1886,NL,CHC
1886,AA,CIN
1886,NL,DTN
1886,NL,KCN
1886,AA,LOU
1886,NL,NYG
1886,AA,NYP
1886,AA,PHA
1886,NL,PHI
1886,AA,PIT
1886,AA,STL
1886,NL,SLM
1886,NL,WHS
1887,AA,BAL
1887,AA,BRO
1887,NL,BSN
1887,NL,CHC
1887,AA,CLE
1887,AA,CIN
1887,NL,DTN
1887,NL,IND
1887,AA,LOU
1887,NL,NYG
1887,AA,NYP
1887,AA,PHA
1887,NL,PHI
1887,NL,PIT
1887,AA,STL
1887,NL,WHS
1888,AA,BAL
1888,AA,BRO
1888,NL,BSN
1888,NL,CHC
1888,AA,CLE
1888,AA,CIN
1888,NL,DTN
1888,NL,IND
1888,AA,KCC
1888,AA,LOU
1888,NL,NYG
1888,AA,PHA
1888,NL,PHI
1888,NL,PIT
1888,AA,STL
1888,NL,WHS
1889,AA,BAL
1889,AA,BRO
1889,NL,BSN
1889,NL,CHC
1889,NL,CLV
1889,AA,COL
1889,AA,CIN
1889,NL,IND
1889,AA,KCC
1889,AA,LOU
1889,NL,NYG
1889,AA,PHA
1889,NL,PHI
1889,NL,PIT
1889,AA,STL
1889,NL,WHS
1890,PL,BUF
1890,AA,BAL
1890,AA,BRG
1890,NL,BRO
1890,PL,BWW
1890,NL,BSN
1890,PL,BOS
1890,NL,CHC
1890,PL,CHI
1890,NL,CIN
1890,NL,CLV
1890,AA,COL
1890,PL,CLE
1890,AA,LOU
1890,NL,NYG
1890,PL,NYI
1890,AA,PHA
1890,NL,PHI
1890,PL,PHQ
1890,NL,PIT
1890,PL,PBB
1890,AA,ROC
1890,AA,STL
1890,AA,SYR
1890,AA,TOL
1891,AA,BAL
1891,NL,BRO
1891,AA,BOS
1891,NL,BSN
1891,NL,CHC
1891,NL,CIN
1891,NL,CLV
1891,AA,COL
1891,AA,CKK
1891,AA,LOU
1891,AA,MIL
1891,NL,NYG
1891,AA,PHA
1891,NL,PHI
1891,NL,PIT
1891,AA,STL
1891,AA,WAS
1892,NL,BLN
1892,NL,BRO
1892,NL,BSN
1892,NL,CHC
1892,NL,CIN
1892,NL,CLV
1892,NL,LOU
1892,NL,NYG
1892,NL,PHI
1892,NL,PIT
1892,NL,STL
1892,NL,WHS
1893,NL,BLN
1893,NL,BRO
1893,NL,BSN
1893,NL,CHC
1893,NL,CIN
1893,NL,CLV
1893,NL,LOU
1893,NL,NYG
1893,NL,PHI
1893,NL,PIT
1893,NL,STL
1893,NL,WHS
1894,NL,BLN
1894,NL,BRO
1894,NL,BSN
1894,NL,CHC
1894,NL,CIN
1894,NL,CLV
1894,NL,LOU
1894,NL,NYG
1894,NL,PHI
1894,NL,PIT
1894,NL,STL
1894,NL,WHS
1895,NL,BLN
1895,NL,BRO
1895,NL,BSN
1895,NL,CHC
1895,NL,CIN
1895,NL,CLV
1895,NL,LOU
1895,NL,NYG
1895,NL,PHI
1895,NL,PIT
1895,NL,STL
1895,NL,WHS
1896,NL,BLN
1896,NL,BRO
1896,NL,BSN
1896,NL,CHC
1896,NL,CIN
1896,NL,CLV
1896,NL,LOU
1896,NL,NYG
1896,NL,PHI
1896,NL,PIT
1896,NL,STL
1896,NL,WHS
1897,NL,BLN
1897,NL,BRO
1897,NL,BSN
1897,NL,CHC
1897,NL,CIN
1897,NL,CLV
1897,NL,LOU
1897,NL,NYG
1897,NL,PHI
1897,NL,PIT
1897,NL,STL
1897,NL,WHS
1898,NL,BLN
1898,NL,BRO
1898,NL,BSN
1898,NL,CHC
1898,NL,CIN
1898,NL,CLV
1898,NL,LOU
1898,NL,NYG
1898,NL,PHI
1898,NL,PIT
1898,NL,STL
1898,NL,WHS
1899,NL,BLN
1899,NL,BRO
1899,NL,BSN
1899,NL,CHC
1899,NL,CIN
1899,NL,CLV
1899,NL,LOU
1899,NL,NYG
1899,NL,PHI
1899,NL,PIT
1899,NL,STL
1899,NL,WHS
1900,NL,BRO
1900,NL,BSN
1900,NL,CHC
1900,NL,CIN
1900,NL,NYG
1900,NL,PHI
1900,NL,PIT
1900,NL,STL
1901,AL,BLA
1901,AL,BOS
1901,NL,BRO
1901,NL,BSN
1901,AL,CHW
1901,NL,CHC
1901,NL,CIN
1901,AL,CLE
1901,AL,DET
1901,AL,MLA
1901,NL,NYG
1901,AL,PHA
1901,NL,PHI
1901,NL,PIT
1901,NL,STL
1901,AL,WSH
1902,AL,BLA
1902,AL,BOS
1902,NL,BRO
1902,NL,BSN
1902,AL,CHW
1902,NL,CHC
1902,NL,CIN
1902,AL,CLE
1902,AL,DET
1902,NL,NYG
1902,AL,PHA
1902,NL,PHI
1902,NL,PIT
1902,AL,SLB
1902,NL,STL
1902,AL,WSH
1903,AL,BOS
1903,NL,BRO
1903,NL,BSN
1903,AL,CHW
1903,NL,CHC
1903,NL,CIN
1903,AL,CLE
1903,AL,DET
1903,NL,NYG
1903,AL,NYY
1903,AL,PHA
1903,NL,PHI
1903,NL,PIT
1903,AL,SLB
1903,NL,STL
1903,AL,WSH
1904,AL,BOS
1904,NL,BRO
1904,NL,BSN
1904,AL,CHW
1904,NL,CHC
1904,NL,CIN
1904,AL,CLE
1904,AL,DET
1904,NL,NYG
1904,AL,NYY
1904,AL,PHA
1904,NL,PHI
1904,NL,PIT
1904,AL,SLB
1904,NL,STL
1904,AL,WSH
1905,AL,BOS
1905,NL,BRO
1905,NL,BSN
1905,AL,CHW
1905,NL,CHC
1905,NL,CIN
1905,AL,CLE
1905,AL,DET
1905,NL,NYG
1905,AL,NYY
1905,AL,PHA
1905,NL,PHI
1905,NL,PIT
1905,AL,SLB
1905,NL,STL
1905,AL,WSH
1906,AL,BOS
1906,NL,BRO
1906,NL,BSN
1906,AL,CHW
1906,NL,CHC
1906,NL,CIN
1906,AL,CLE
1906,AL,DET
1906,NL,NYG
1906,AL,NYY
1906,AL,PHA
1906,NL,PHI
1906,NL,PIT
1906,AL,SLB
1906,NL,STL
1906,AL,WSH
1907,AL,BOS
1907,NL,BRO
1907,NL,BSN
1907,AL,CHW
1907,NL,CHC
1907,NL,CIN
1907,AL,CLE
1907,AL,DET
1907,NL,NYG
1907,AL,NYY
1907,AL,PHA
1907,NL,PHI
1907,NL,PIT
1907,AL,SLB
1907,NL,STL
1907,AL,WSH
1908,AL,BOS
1908,NL,BRO
1908,NL,BSN
1908,AL,CHW
1908,NL,CHC
1908,NL,CIN
1908,AL,CLE
1908,AL,DET
1908,NL,NYG
1908,AL,NYY
1908,AL,PHA
1908,NL,PHI
1908,NL,PIT
1908,AL,SLB
1908,NL,STL
1908,AL,WSH
1909,AL,BOS
1909,NL,BRO
1909,NL,BSN
1909,AL,CHW
1909,NL,CHC
1909,NL,CIN
1909,AL,CLE
1909,AL,DET
1909,NL,NYG
1909,AL,NYY
1909,AL,PHA
1909,NL,PHI
1909,NL,PIT
1909,AL,SLB
1909,NL,STL
1909,AL,WSH
1910,AL,BOS
1910,NL,BRO
1910,NL,BSN
1910,AL,CHW
1910,NL,CHC
1910,NL,CIN
1910,AL,CLE
1910,AL,DET
1910,NL,NYG
1910,AL,NYY
1910,AL,PHA
1910,NL,PHI
1910,NL,PIT
1910,AL,SLB
1910,NL,STL
1910,AL,WSH
1911,AL,BOS
1911,NL,BRO
1911,NL,BSN
1911,AL,CHW
1911,NL,CHC
1911,NL,CIN
1911,AL,CLE
1911,AL,DET
1911,NL,NYG
1911,AL,NYY
1911,AL,PHA
1911,NL,PHI
1911,NL,PIT
1911,AL,SLB
1911,NL,STL
1911,AL,WSH
1912,AL,BOS
1912,NL,BRO
1912,NL,BSN
1912,AL,CHW
1912,NL,CHC
1912,NL,CIN
1912,AL,CLE
1912,AL,DET
1912,NL,NYG
1912,AL,NYY
1912,AL,PHA
1912,NL,PHI
1912,NL,PIT
1912,AL,SLB
1912,NL,STL
1912,AL,WSH
1913,AL,BOS
1913,NL,BRO
1913,NL,BSN
1913,AL,CHW
1913,NL,CHC
1913,NL,CIN
1913,AL,CLE
1913,AL,DET
1913,NL,NYG
1913,AL,NYY
1913,AL,PHA
1913,NL,PHI
1913,NL,PIT
1913,AL,SLB
1913,NL,STL
1913,AL,WSH
1914,FL,BAL
1914,AL,BOS
1914,FL,BTT
1914,NL,BRO
1914,NL,BSN
1914,FL,BUF
1914,AL,CHW
1914,FL,CHI
1914,NL,CHC
1914,NL,CIN
1914,AL,CLE
1914,AL,DET
1914,FL,IND
1914,FL,KCP
1914,NL,NYG
1914,AL,NYY
1914,AL,PHA
1914,NL,PHI
1914,NL,PIT
1914,FL,PBS
1914,AL,SLB
1914,FL,SLM
1914,NL,STL
1914,AL,WSH
1915,FL,BAL
1915,AL,BOS
1915,FL,BTT
1915,NL,BRO
1915,NL,BSN
1915,FL,BUF
1915,AL,CHW
1915,FL,CHI
1915,NL,CHC
1915,NL,CIN
1915,AL,CLE
1915,AL,DET
1915,FL,KCP
1915,FL,NEW
1915,NL,NYG
1915,AL,NYY
1915,AL,PHA
1915,NL,PHI
1915,NL,PIT
1915,FL,PBS
1915,AL,SLB
1915,FL,SLM
1915,NL,STL
1915,AL,WSH
1916,AL,BOS
1916,NL,BRO
1916,NL,BSN
1916,AL,CHW
1916,NL,CHC
1916,NL,CIN
1916,AL,CLE
1916,AL,DET
1916,NL,NYG
1916,AL,NYY
1916,AL,PHA
1916,NL,PHI
1916,NL,PIT
1916,AL,SLB
1916,NL,STL
1916,AL,WSH
1917,AL,BOS
1917,NL,BRO
1917,NL,BSN
1917,AL,CHW
1917,NL,CHC
1917,NL,CIN
1917,AL,CLE
1917,AL,DET
1917,NL,NYG
1917,AL,NYY
1917,AL,PHA
1917,NL,PHI
1917,NL,PIT
1917,AL,SLB
1917,NL,STL
1917,AL,WSH
1918,AL,BOS
1918,NL,BRO
1918,NL,BSN
1918,AL,CHW
1918,NL,CHC
1918,NL,CIN
1918,AL,CLE
1918,AL,DET
1918,NL,NYG
1918,AL,NYY
1918,AL,PHA
1918,NL,PHI
1918,NL,PIT
1918,AL,SLB
1918,NL,STL
1918,AL,WSH
1919,AL,BOS
1919,NL,BRO
1919,NL,BSN
1919,AL,CHW
1919,NL,CHC
1919,NL,CIN
1919,AL,CLE
1919,AL,DET
1919,NL,NYG
1919,AL,NYY
1919,AL,PHA
1919,NL,PHI
1919,NL,PIT
1919,AL,SLB
1919,NL,STL
1919,AL,WSH
1920,AL,BOS
1920,NL,BRO
1920,NL,BSN
1920,AL,CHW
1920,NL,CHC
1920,NL,CIN
1920,AL,CLE
1920,AL,DET
1920,NL,NYG
1920,AL,NYY
1920,AL,PHA
1920,NL,PHI
1920,NL,PIT
1920,AL,SLB
1920,NL,STL
1920,AL,WSH
1921,AL,BOS
1921,NL,BRO
1921,NL,BSN
1921,AL,CHW
1921,NL,CHC
1921,NL,CIN
1921,AL,CLE
1921,AL,DET
1921,NL,NYG
1921,AL,NYY
1921,AL,PHA
1921,NL,PHI
1921,NL,PIT
1921,AL,SLB
1921,NL,STL
1921,AL,WSH
1922,AL,BOS
1922,NL,BRO
1922,NL,BSN
1922,AL,CHW
1922,NL,CHC
1922,NL,CIN
1922,AL,CLE
1922,AL,DET
1922,NL,NYG
1922,AL,NYY
1922,AL,PHA
1922,NL,PHI
1922,NL,PIT
1922,AL,SLB
1922,NL,STL
1922,AL,WSH
1923,AL,BOS
1923,NL,BRO
1923,NL,BSN
1923,AL,CHW
1923,NL,CHC
1923,NL,CIN
1923,AL,CLE
1923,AL,DET
1923,NL,NYG
1923,AL,NYY
1923,AL,PHA
1923,NL,PHI
1923,NL,PIT
1923,AL,SLB
1923,NL,STL
1923,AL,WSH
1924,AL,BOS
1924,NL,BRO
1924,NL,BSN
1924,AL,CHW
1924,NL,CHC
1924,NL,CIN
1924,AL,CLE
1924,AL,DET
1924,NL,NYG
1924,AL,NYY
1924,AL,PHA
1924,NL,PHI
1924,NL,PIT
1924,AL,SLB
1924,NL,STL
1924,AL,WSH
1925,AL,BOS
1925,NL,BRO
1925,NL,BSN
1925,AL,CHW
1925,NL,CHC
1925,NL,CIN
1925,AL,CLE
1925,AL,DET
1925,NL,NYG
1925,AL,NYY
1925,AL,PHA
1925,NL,PHI
1925,NL,PIT
1925,AL,SLB
1925,NL,STL
1925,AL,WSH
1926,AL,BOS
1926,NL,BRO
1926,NL,BSN
1926,AL,CHW
1926,NL,CHC
1926,NL,CIN
1926,AL,CLE
1926,AL,DET
1926,NL,NYG
1926,AL,NYY
1926,AL,PHA
1926,NL,PHI
1926,NL,PIT
1926,AL,SLB
1926,NL,STL
1926,AL,WSH
1927,AL,BOS
1927,NL,BRO
1927,NL,BSN
1927,AL,CHW
1927,NL,CHC
1927,NL,CIN
1927,AL,CLE
1927,AL,DET
1927,NL,NYG
1927,AL,NYY
1927,AL,PHA
1927,NL,PHI
1927,NL,PIT
1927,AL,SLB
1927,NL,STL
1927,AL,WSH
1928,AL,BOS
1928,NL,BRO
1928,NL,BSN
1928,AL,CHW
1928,NL,CHC
1928,NL,CIN
1928,AL,CLE
1928,AL,DET
1928,NL,NYG
1928,AL,NYY
1928,AL,PHA
1928,NL,PHI
1928,NL,PIT
1928,AL,SLB
1928,NL,STL
1928,AL,WSH
1929,AL,BOS
1929,NL,BRO
1929,NL,BSN
1929,AL,CHW
1929,NL,CHC
1929,NL,CIN
1929,AL,CLE
1929,AL,DET
1929,NL,NYG
1929,AL,NYY
1929,AL,PHA
1929,NL,PHI
1929,NL,PIT
1929,AL,SLB
1929,NL,STL
1929,AL,WSH
1930,AL,BOS
1930,NL,BRO
1930,NL,BSN
1930,AL,CHW
1930,NL,CHC
1930,NL,CIN
1930,AL,CLE
1930,AL,DET
1930,NL,NYG
1930,AL,NYY
1930,AL,PHA
1930,NL,PHI
1930,NL,PIT
1930,AL,SLB
1930,NL,STL
1930,AL,WSH
1931,AL,BOS
1931,NL,BRO
1931,NL,BSN
1931,AL,CHW
1931,NL,CHC
1931,NL,CIN
1931,AL,CLE
1931,AL,DET
1931,NL,NYG
1931,AL,NYY
1931,AL,PHA
1931,NL,PHI
1931,NL,PIT
1931,AL,SLB
1931,NL,STL
1931,AL,WSH
1932,AL,BOS
1932,NL,BRO
1932,NL,BSN
1932,AL,CHW
1932,NL,CHC
1932,NL,CIN
1932,AL,CLE
1932,AL,DET
1932,NL,NYG
1932,AL,NYY
1932,AL,PHA
1932,NL,PHI
1932,NL,PIT
1932,AL,SLB
1932,NL,STL
1932,AL,WSH
1933,AL,BOS
1933,NL,BRO
1933,NL,BSN
1933,AL,CHW
1933,NL,CHC
1933,NL,CIN
1933,AL,CLE
1933,AL,DET
1933,NL,NYG
1933,AL,NYY
1933,AL,PHA
1933,NL,PHI
1933,NL,PIT
1933,AL,SLB
1933,NL,STL
1933,AL,WSH
1934,AL,BOS
1934,NL,BRO
1934,NL,BSN
1934,AL,CHW
1934,NL,CHC
1934,NL,CIN
1934,AL,CLE
1934,AL,DET
1934,NL,NYG
1934,AL,NYY
1934,AL,PHA
1934,NL,PHI
1934,NL,PIT
1934,AL,SLB
1934,NL,STL
1934,AL,WSH
1935,AL,BOS
1935,NL,BRO
1935,NL,BSN
1935,AL,CHW
1935,NL,CHC
1935,NL,CIN
1935,AL,CLE
1935,AL,DET
1935,NL,NYG
1935,AL,NYY
1935,AL,PHA
1935,NL,PHI
1935,NL,PIT
1935,AL,SLB
1935,NL,STL
1935,AL,WSH
1936,AL,BOS
1936,NL,BRO
1936,NL,BSN
1936,AL,CHW
1936,NL,CHC
1936,NL,CIN
1936,AL,CLE
1936,AL,DET
1936,NL,NYG
1936,AL,NYY
1936,AL,PHA
1936,NL,PHI
1936,NL,PIT
1936,AL,SLB
1936,NL,STL
1936,AL,WSH
1937,AL,BOS
1937,NL,BRO
1937,NL,BSN
1937,AL,CHW
1937,NL,CHC
1937,NL,CIN
1937,AL,CLE
1937,AL,DET
1937,NL,NYG
1937,AL,NYY
1937,AL,PHA
1937,NL,PHI
1937,NL,PIT
1937,AL,SLB
1937,NL,STL
1937,AL,WSH
1938,AL,BOS
1938,NL,BRO
1938,NL,BSN
1938,AL,CHW
1938,NL,CHC
1938,NL,CIN
1938,AL,CLE
1938,AL,DET
1938,NL,NYG
1938,AL,NYY
1938,AL,PHA
1938,NL,PHI
1938,NL,PIT
1938,AL,SLB
1938,NL,STL
1938,AL,WSH
1939,AL,BOS
1939,NL,BRO
1939,NL,BSN
1939,AL,CHW
1939,NL,CHC
1939,NL,CIN
1939,AL,CLE
1939,AL,DET
1939,NL,NYG
1939,AL,NYY
1939,AL,PHA
1939,NL,PHI
1939,NL,PIT
1939,AL,SLB
1939,NL,STL
1939,AL,WSH
1940,AL,BOS
1940,NL,BRO
1940,NL,BSN
1940,AL,CHW
1940,NL,CHC
1940,NL,CIN
1940,AL,CLE
1940,AL,DET
1940,NL,NYG
1940,AL,NYY
1940,AL,PHA
1940,NL,PHI
1940,NL,PIT
1940,AL,SLB
1940,NL,STL
1940,AL,WSH
1941,AL,BOS
1941,NL,BRO
1941,NL,BSN
1941,AL,CHW
1941,NL,CHC
1941,NL,CIN
1941,AL,CLE
1941,AL,DET
1941,NL,NYG
1941,AL,NYY
1941,AL,PHA
1941,NL,PHI
1941,NL,PIT
1941,AL,SLB
1941,NL,STL
1941,AL,WSH
1942,AL,BOS
1942,NL,BRO
1942,NL,BSN
1942,AL,CHW
1942,NL,CHC
1942,NL,CIN
1942,AL,CLE
1942,AL,DET
1942,NL,NYG
1942,AL,NYY
1942,AL,PHA
1942,NL,PHI
1942,NL,PIT
1942,AL,SLB
1942,NL,STL
1942,AL,WSH
1943,AL,BOS
1943,NL,BRO
1943,NL,BSN
1943,AL,CHW
1943,NL,CHC
1943,NL,CIN
1943,AL,CLE
1943,AL,DET
1943,NL,NYG
1943,AL,NYY
1943,AL,PHA
1943,NL,PHI
1943,NL,PIT
1943,AL,SLB
1943,NL,STL
1943,AL,WSH
1944,AL,BOS
1944,NL,BRO
1944,NL,BSN
1944,AL,CHW
1944,NL,CHC
1944,NL,CIN
1944,AL,CLE
1944,AL,DET
1944,NL,NYG
1944,AL,NYY
1944,AL,PHA
1944,NL,PHI
1944,NL,PIT
1944,AL,SLB
1944,NL,STL
1944,AL,WSH
1945,AL,BOS
1945,NL,BRO
1945,NL,BSN
1945,AL,CHW
1945,NL,CHC
1945,NL,CIN
1945,AL,CLE
1945,AL,DET
1945,NL,NYG
1945,AL,NYY
1945,AL,PHA
1945,NL,PHI
1945,NL,PIT
1945,AL,SLB
1945,NL,STL
1945,AL,WSH
1946,AL,BOS
1946,NL,BRO
1946,NL,BSN
1946,AL,CHW
1946,NL,CHC
1946,NL,CIN
1946,AL,CLE
1946,AL,DET
1946,NL,NYG
1946,AL,NYY
1946,AL,PHA
1946,NL,PHI
1946,NL,PIT
1946,AL,SLB
1946,NL,STL
1946,AL,WSH
1947,AL,BOS
1947,NL,BRO
1947,NL,BSN
1947,AL,CHW
1947,NL,CHC
1947,NL,CIN
1947,AL,CLE
1947,AL,DET
1947,NL,NYG
1947,AL,NYY
1947,AL,PHA
1947,NL,PHI
1947,NL,PIT
1947,AL,SLB
1947,NL,STL
1947,AL,WSH
1948,AL,BOS
1948,NL,BRO
1948,NL,BSN
1948,AL,CHW
1948,NL,CHC
1948,NL,CIN
1948,AL,CLE
1948,AL,DET
1948,NL,NYG
1948,AL,NYY
1948,AL,PHA
1948,NL,PHI
1948,NL,PIT
1948,AL,SLB
1948,NL,STL
1948,AL,WSH
1949,AL,BOS
1949,NL,BRO
1949,NL,BSN
1949,AL,CHW
1949,NL,CHC
1949,NL,CIN
1949,AL,CLE
1949,AL,DET
1949,NL,NYG
1949,AL,NYY
1949,AL,PHA
1949,NL,PHI
1949,NL,PIT
1949,AL,SLB
1949,NL,STL
1949,AL,WSH
1950,AL,BOS
1950,NL,BRO
1950,NL,BSN
1950,AL,CHW
1950,NL,CHC
1950,NL,CIN
1950,AL,CLE
1950,AL,DET
1950,NL,NYG
1950,AL,NYY
1950,AL,PHA
1950,NL,PHI
1950,NL,PIT
1950,AL,SLB
1950,NL,STL
1950,AL,WSH
1951,AL,BOS
1951,NL,BRO
1951,NL,BSN
1951,AL,CHW
1951,NL,CHC
1951,NL,CIN
1951,AL,CLE
1951,AL,DET
1951,NL,NYG
1951,AL,NYY
1951,AL,PHA
1951,NL,PHI
1951,NL,PIT
1951,AL,SLB
1951,NL,STL
1951,AL,WSH
1952,AL,BOS
1952,NL,BRO
1952,NL,BSN
1952,AL,CHW
1952,NL,CHC
1952,NL,CIN
1952,AL,CLE
1952,AL,DET
1952,NL,NYG
1952,AL,NYY
1952,AL,PHA
1952,NL,PHI
1952,NL,PIT
1952,AL,SLB
1952,NL,STL
1952,AL,WSH
1953,AL,BOS
1953,NL,BRO
1953,AL,CHW
1953,NL,CHC
1953,NL,CIN
1953,AL,CLE
1953,AL,DET
1953,NL,MLN
1953,NL,NYG
1953,AL,NYY
1953,AL,PHA
1953,NL,PHI
1953,NL,PIT
1953,AL,SLB
1953,NL,STL
1953,AL,WSH
1954,AL,BAL
1954,AL,BOS
1954,NL,BRO
1954,AL,CHW
1954,NL,CHC
1954,NL,CIN
1954,AL,CLE
1954,AL,DET
1954,NL,MLN
1954,NL,NYG
1954,AL,NYY
1954,AL,PHA
1954,NL,PHI
1954,NL,PIT
1954,NL,STL
1954,AL,WSH
1955,AL,BAL
1955,AL,BOS
1955,NL,BRO
1955,AL,CHW
1955,NL,CHC
1955,NL,CIN
1955,AL,CLE
1955,AL,DET
1955,AL,KCA
1955,NL,MLN
1955,NL,NYG
1955,AL,NYY
1955,NL,PHI
1955,NL,PIT
1955,NL,STL
1955,AL,WSH
1956,AL,BAL
1956,AL,BOS
1956,NL,BRO
1956,AL,CHW
1956,NL,CHC
1956,NL,CIN
1956,AL,CLE
1956,AL,DET
1956,AL,KCA
1956,NL,MLN
1956,NL,NYG
1956,AL,NYY
1956,NL,PHI
1956,NL,PIT
1956,NL,STL
1956,AL,WSH
1957,AL,BAL
1957,AL,BOS
1957,NL,BRO
1957,AL,CHW
1957,NL,CHC
1957,NL,CIN
1957,AL,CLE
1957,AL,DET
1957,AL,KCA
1957,NL,MLN
1957,NL,NYG
1957,AL,NYY
1957,NL,PHI
1957,NL,PIT
1957,NL,STL
1957,AL,WSH
1958,AL,BAL
1958,AL,BOS
1958,AL,CHW
1958,NL,CHC
1958,NL,CIN
1958,AL,CLE
1958,AL,DET
1958,AL,KCA
1958,NL,LAD
1958,NL,MLN
1958,AL,NYY
1958,NL,PHI
1958,NL,PIT
1958,NL,SFG
1958,NL,STL
1958,AL,WSH
1959,AL,BAL
1959,AL,BOS
1959,AL,CHW
1959,NL,CHC
1959,NL,CIN
1959,AL,CLE
1959,AL,DET
1959,AL,KCA
1959,NL,LAD
1959,NL,MLN
1959,AL,NYY
1959,NL,PHI
1959,NL,PIT
1959,NL,SFG
1959,NL,STL
1959,AL,WSH
1960,AL,BAL
1960,AL,BOS
1960,AL,CHW
1960,NL,CHC
1960,NL,CIN
1960,AL,CLE
1960,AL,DET
1960,AL,KCA
1960,NL,LAD
1960,NL,MLN
1960,AL,NYY
1960,NL,PHI
1960,NL,PIT
1960,NL,SFG
1960,NL,STL
1960,AL,WSH
1961,AL,BAL
1961,AL,BOS
1961,AL,CHW
1961,NL,CHC
1961,NL,CIN
1961,AL,CLE
1961,AL,DET
1961,AL,KCA
1961,AL,LAA
1961,NL,LAD
1961,AL,MIN
1961,NL,MLN
1961,AL,NYY
1961,NL,PHI
1961,NL,PIT
1961,NL,SFG
1961,NL,STL
1961,AL,WSA
1962,AL,BAL
1962,AL,BOS
1962,AL,CHW
1962,NL,CHC
1962,NL,CIN
1962,AL,CLE
1962,AL,DET
1962,NL,HOU
1962,AL,KCA
1962,AL,LAA
1962,NL,LAD
1962,AL,MIN
1962,NL,MLN
1962,AL,NYY
1962,NL,NYM
1962,NL,PHI
1962,NL,PIT
1962,NL,SFG
1962,NL,STL
1962,AL,WSA
1963,AL,BAL
1963,AL,BOS
1963,AL,CHW
1963,NL,CHC
1963,NL,CIN
1963,AL,CLE
1963,AL,DET
1963,NL,HOU
1963,AL,KCA
1963,AL,LAA
1963,NL,LAD
1963,AL,MIN
1963,NL,MLN
1963,AL,NYY
1963,NL,NYM
1963,NL,PHI
1963,NL,PIT
1963,NL,SFG
1963,NL,STL
1963,AL,WSA
1964,AL,BAL
1964,AL,BOS
1964,AL,CHW
1964,NL,CHC
1964,NL,CIN
1964,AL,CLE
1964,AL,DET
1964,NL,HOU
1964,AL,KCA
1964,AL,LAA
1964,NL,LAD
1964,AL,MIN
1964,NL,MLN
1964,AL,NYY
1964,NL,NYM
1964,NL,PHI
1964,NL,PIT
1964,NL,SFG
1964,NL,STL
1964,AL,WSA
1965,AL,BAL
1965,AL,BOS
1965,AL,CAL
1965,AL,CHW
1965,NL,CHC
1965,NL,CIN
1965,AL,CLE
1965,AL,DET
1965,NL,HOU
1965,AL,KCA
1965,NL,LAD
1965,AL,MIN
1965,NL,MLN
1965,AL,NYY
1965,NL,NYM
1965,NL,PHI
1965,NL,PIT
1965,NL,SFG
1965,NL,STL
1965,AL,WSA
1966,NL,ATL
1966,AL,BAL
1966,AL,BOS
1966,AL,CAL
1966,AL,CHW
1966,NL,CHC
1966,NL,CIN
1966,AL,CLE
1966,AL,DET
1966,NL,HOU
1966,AL,KCA
1966,NL,LAD
1966,AL,MIN
1966,AL,NYY
1966,NL,NYM
1966,NL,PHI
1966,NL,PIT
1966,NL,SFG
1966,NL,STL
1966,AL,WSA
1967,NL,ATL
1967,AL,BAL
1967,AL,BOS
1967,AL,CAL
1967,AL,CHW
1967,NL,CHC
1967,NL,CIN
1967,AL,CLE
1967,AL,DET
1967,NL,HOU
1967,AL,KCA
1967,NL,LAD
1967,AL,MIN
1967,AL,NYY
1967,NL,NYM
1967,NL,PHI
1967,NL,PIT
1967,NL,SFG
1967,NL,STL
1967,AL,WSA
1968,NL,ATL
1968,AL,BAL
1968,AL,BOS
1968,AL,CAL
1968,AL,CHW
1968,NL,CHC
1968,NL,CIN
1968,AL,CLE
1968,AL,DET
1968,NL,HOU
1968,NL,LAD
1968,AL,MIN
1968,AL,NYY
1968,NL,NYM
1968,AL,OAK
1968,NL,PHI
1968,NL,PIT
1968,NL,SFG
1968,NL,STL
1968,AL,WSA
1969,NL,ATL
1969,AL,BAL
1969,AL,BOS
1969,AL,CAL
1969,AL,CHW
1969,NL,CHC
1969,NL,CIN
1969,AL,CLE
1969,AL,DET
1969,NL,HOU
1969,AL,KCR
1969,NL,LAD
1969,AL,MIN
1969,NL,MON
1969,AL,NYY
1969,NL,NYM
1969,AL,OAK
1969,NL,PHI
1969,NL,PIT
1969,NL,SDP
1969,AL,SEP
1969,NL,SFG
1969,NL,STL
1969,AL,WSA
1970,NL,ATL
1970,AL,BAL
1970,AL,BOS
1970,AL,CAL
1970,AL,CHW
1970,NL,CHC
1970,NL,CIN
1970,AL,CLE
1970,AL,DET
1970,NL,HOU
1970,AL,KCR
1970,NL,LAD
1970,AL,MIN
1970,AL,MIL
1970,NL,MON
1970,AL,NYY
1970,NL,NYM
1970,AL,OAK
1970,NL,PHI
1970,NL,PIT
1970,NL,SDP
1970,NL,SFG
1970,NL,STL
1970,AL,WSA
1971,NL,ATL
1971,AL,BAL
1971,AL,BOS
1971,AL,CAL
1971,AL,CHW
1971,NL,CHC
1971,NL,CIN
1971,AL,CLE
1971,AL,DET
1971,NL,HOU
1971,AL,KCR
1971,NL,LAD
1971,AL,MIN
1971,AL,MIL
1971,NL,MON
1971,AL,NYY
1971,NL,NYM
1971,AL,OAK
1971,NL,PHI
1971,NL,PIT
1971,NL,SDP
1971,NL,SFG
1971,NL,STL
1971,AL,WSA
1972,NL,ATL
1972,AL,BAL
1972,AL,BOS
1972,AL,CAL
1972,AL,CHW
1972,NL,CHC
1972,NL,CIN
1972,AL,CLE
1972,AL,DET
1972,NL,HOU
1972,AL,KCR
1972,NL,LAD
1972,AL,MIN
1972,AL,MIL
1972,NL,MON
1972,AL,NYY
1972,NL,NYM
1972,AL,OAK
1972,NL,PHI
1972,NL,PIT
1972,NL,SDP
1972,NL,SFG
1972,NL,STL
1972,AL,TEX
1973,NL,ATL
1973,AL,BAL
1973,AL,BOS
1973,AL,CAL
1973,AL,CHW
1973,NL,CHC
1973,NL,CIN
1973,AL,CLE
1973,AL,DET
1973,NL,HOU
1973,AL,KCR
1973,NL,LAD
1973,AL,MIN
1973,AL,MIL
1973,NL,MON
1973,AL,NYY
1973,NL,NYM
1973,AL,OAK
1973,NL,PHI
1973,NL,PIT
1973,NL,SDP
1973,NL,SFG
1973,NL,STL
1973,AL,TEX
1974,NL,ATL
1974,AL,BAL
1974,AL,BOS
1974,AL,CAL
1974,AL,CHW
1974,NL,CHC
1974,NL,CIN
1974,AL,CLE
1974,AL,DET
1974,NL,HOU
1974,AL,KCR
1974,NL,LAD
1974,AL,MIN
1974,AL,MIL
1974,NL,MON
1974,AL,NYY
1974,NL,NYM
1974,AL,OAK
1974,NL,PHI
1974,NL,PIT
1974,NL,SDP
1974,NL,SFG
1974,NL,STL
1974,AL,TEX
1975,NL,ATL
1975,AL,BAL
1975,AL,BOS
1975,AL,CAL
1975,AL,CHW
1975,NL,CHC
1975,NL,CIN
1975,AL,CLE
1975,AL,DET
1975,NL,HOU
1975,AL,KCR
1975,NL,LAD
1975,AL,MIN
1975,AL,MIL
1975,NL,MON
1975,AL,NYY
1975,NL,NYM
1975,AL,OAK
1975,NL,PHI
1975,NL,PIT
1975,NL,SDP
1975,NL,SFG
1975,NL,STL
1975,AL,TEX
1976,NL,ATL
1976,AL,BAL
1976,AL,BOS
1976,AL,CAL
1976,AL,CHW
1976,NL,CHC
1976,NL,CIN
1976,AL,CLE
1976,AL,DET
1976,NL,HOU
1976,AL,KCR
1976,NL,LAD
1976,AL,MIN
1976,AL,MIL
1976,NL,MON
1976,AL,NYY
1976,NL,NYM
1976,AL,OAK
1976,NL,PHI
1976,NL,PIT
1976,NL,SDP
1976,NL,SFG
1976,NL,STL
1976,AL,TEX
1977,NL,ATL
1977,AL,BAL
1977,AL,BOS
1977,AL,CAL
1977,AL,CHW
1977,NL,CHC
1977,NL,CIN
1977,AL,CLE
1977,AL,DET
1977,NL,HOU
1977,AL,KCR
1977,NL,LAD
1977,AL,MIN
1977,AL,MIL
1977,NL,MON
1977,AL,NYY
1977,NL,NYM
1977,AL,OAK
1977,NL,PHI
1977,NL,PIT
1977,NL,SDP
1977,AL,SEA
1977,NL,SFG
1977,NL,STL
1977,AL,TEX
1977,AL,TOR
1978,NL,ATL
1978,AL,BAL
1978,AL,BOS
1978,AL,CAL
1978,AL,CHW
1978,NL,CHC
1978,NL,CIN
1978,AL,CLE
1978,AL,DET
1978,NL,HOU
1978,AL,KCR
1978,NL,LAD
1978,AL,MIN
1978,AL,MIL
1978,NL,MON
1978,AL,NYY
1978,NL,NYM
1978,AL,OAK
1978,NL,PHI
1978,NL,PIT
1978,NL,SDP
1978,AL,SEA
1978,NL,SFG
1978,NL,STL
1978,AL,TEX
1978,AL,TOR
1979,NL,ATL
1979,AL,BAL
1979,AL,BOS
1979,AL,CAL
1979,AL,CHW
1979,NL,CHC
1979,NL,CIN
1979,AL,CLE
1979,AL,DET
1979,NL,HOU
1979,AL,KCR
1979,NL,LAD
1979,AL,MIN
1979,AL,MIL
1979,NL,MON
1979,AL,NYY
1979,NL,NYM
1979,AL,OAK
1979,NL,PHI
1979,NL,PIT
1979,NL,SDP
1979,AL,SEA
1979,NL,SFG
1979,NL,STL
1979,AL,TEX
1979,AL,TOR
1980,NL,ATL
1980,AL,BAL
1980,AL,BOS
1980,AL,CAL
1980,AL,CHW
1980,NL,CHC
1980,NL,CIN
1980,AL,CLE
1980,AL,DET
1980,NL,HOU
1980,AL,KCR
1980,NL,LAD
1980,AL,MIN
1980,AL,MIL
1980,NL,MON
1980,AL,NYY
1980,NL,NYM
1980,AL,OAK
1980,NL,PHI
1980,NL,PIT
1980,NL,SDP
1980,AL,SEA
1980,NL,SFG
1980,NL,STL
1980,AL,TEX
1980,AL,TOR
1981,NL,ATL
1981,AL,BAL
1981,AL,BOS
1981,AL,CAL
1981,AL,CHW
1981,NL,CHC
1981,NL,CIN
1981,AL,CLE
1981,AL,DET
1981,NL,HOU
1981,AL,KCR
1981,NL,LAD
1981,AL,MIN
1981,AL,MIL
1981,NL,MON
1981,AL,NYY
1981,NL,NYM
1981,AL,OAK
1981,NL,PHI
1981,NL,PIT
1981,NL,SDP
1981,AL,SEA
1981,NL,SFG
1981,NL,STL
1981,AL,TEX
1981,AL,TOR
1982,NL,ATL
1982,AL,BAL
1982,AL,BOS
1982,AL,CAL
1982,AL,CHW
1982,NL,CHC
1982,NL,CIN
1982,AL,CLE
1982,AL,DET
1982,NL,HOU
1982,AL,KCR
1982,NL,LAD
1982,AL,MIN
1982,AL,MIL
1982,NL,MON
1982,AL,NYY
1982,NL,NYM
1982,AL,OAK
1982,NL,PHI
1982,NL,PIT
1982,NL,SDP
1982,AL,SEA
1982,NL,SFG
1982,NL,STL
1982,AL,TEX
1982,AL,TOR
1983,NL,ATL
1983,AL,BAL
1983,AL,BOS
1983,AL,CAL
1983,AL,CHW
1983,NL,CHC
1983,NL,CIN
1983,AL,CLE
1983,AL,DET
1983,NL,HOU
1983,AL,KCR
1983,NL,LAD
1983,AL,MIN
1983,AL,MIL
1983,NL,MON
1983,AL,NYY
1983,NL,NYM
1983,AL,OAK
1983,NL,PHI
1983,NL,PIT
1983,NL,SDP
1983,AL,SEA
1983,NL,SFG
1983,NL,STL
1983,AL,TEX
1983,AL,TOR
1984,NL,ATL
1984,AL,BAL
1984,AL,BOS
1984,AL,CAL
1984,AL,CHW
1984,NL,CHC
1984,NL,CIN
1984,AL,CLE
1984,AL,DET
1984,NL,HOU
1984,AL,KCR
1984,NL,LAD
1984,AL,MIN
1984,AL,MIL
1984,NL,MON
1984,AL,NYY
1984,NL,NYM
1984,AL,OAK
1984,NL,PHI
1984,NL,PIT
1984,NL,SDP
1984,AL,SEA
1984,NL,SFG
1984,NL,STL
1984,AL,TEX
1984,AL,TOR
1985,NL,ATL
1985,AL,BAL
1985,AL,BOS
1985,AL,CAL
1985,AL,CHW
1985,NL,CHC
1985,NL,CIN
1985,AL,CLE
1985,AL,DET
1985,NL,HOU
1985,AL,KCR
1985,NL,LAD
1985,AL,MIN
1985,AL,MIL
1985,NL,MON
1985,AL,NYY
1985,NL,NYM
1985,AL,OAK
1985,NL,PHI
1985,NL,PIT
1985,NL,SDP
1985,AL,SEA
1985,NL,SFG
1985,NL,STL
1985,AL,TEX
1985,AL,TOR
1986,NL,ATL
1986,AL,BAL
1986,AL,BOS
1986,AL,CAL
1986,AL,CHW
1986,NL,CHC
1986,NL,CIN
1986,AL,CLE
1986,AL,DET
1986,NL,HOU
1986,AL,KCR
1986,NL,LAD
1986,AL,MIN
1986,AL,MIL
1986,NL,MON
1986,AL,NYY
1986,NL,NYM
1986,AL,OAK
1986,NL,PHI
1986,NL,PIT
1986,NL,SDP
1986,AL,SEA
1986,NL,SFG
1986,NL,STL
1986,AL,TEX
1986,AL,TOR
1987,NL,ATL
1987,AL,BAL
1987,AL,BOS
1987,AL,CAL
1987,AL,CHW
1987,NL,CHC
1987,NL,CIN
1987,AL,CLE
1987,AL,DET
1987,NL,HOU
1987,AL,KCR
1987,NL,LAD
1987,AL,MIN
1987,AL,MIL
1987,NL,MON
1987,AL,NYY
1987,NL,NYM
1987,AL,OAK
1987,NL,PHI
1987,NL,PIT
1987,NL,SDP
1987,AL,SEA
1987,NL,SFG
1987,NL,STL
1987,AL,TEX
1987,AL,TOR
1988,NL,ATL
1988,AL,BAL
1988,AL,BOS
1988,AL,CAL
1988,AL,CHW
1988,NL,CHC
1988,NL,CIN
1988,AL,CLE
1988,AL,DET
1988,NL,HOU
1988,AL,KCR
1988,NL,LAD
1988,AL,MIN
1988,AL,MIL
1988,NL,MON
1988,AL,NYY
1988,NL,NYM
1988,AL,OAK
1988,NL,PHI
1988,NL,PIT
1988,NL,SDP
1988,AL,SEA
1988,NL,SFG
1988,NL,STL
1988,AL,TEX
1988,AL,TOR
1989,NL,ATL
1989,AL,BAL
1989,AL,BOS
1989,AL,CAL
1989,AL,CHW
1989,NL,CHC
1989,NL,CIN
1989,AL,CLE
1989,AL,DET
1989,NL,HOU
1989,AL,KCR
1989,NL,LAD
1989,AL,MIN
1989,AL,MIL
1989,NL,MON
1989,AL,NYY
1989,NL,NYM
1989,AL,OAK
1989,NL,PHI
1989,NL,PIT
1989,NL,SDP
1989,AL,SEA
1989,NL,SFG
1989,NL,STL
1989,AL,TEX
1989,AL,TOR
1990,NL,ATL
1990,AL,BAL
1990,AL,BOS
1990,AL,CAL
1990,AL,CHW
1990,NL,CHC
1990,NL,CIN
1990,AL,CLE
1990,AL,DET
1990,NL,HOU
1990,AL,KCR
1990,NL,LAD
1990,AL,MIN
1990,AL,MIL
1990,NL,MON
1990,AL,NYY
1990,NL,NYM
1990,AL,OAK
1990,NL,PHI
1990,NL,PIT
1990,NL,SDP
1990,AL,SEA
1990,NL,SFG
1990,NL,STL
1990,AL,TEX
1990,AL,TOR
1991,NL,ATL
1991,AL,BAL
1991,AL,BOS
1991,AL,CAL
1991,AL,CHW
1991,NL,CHC
1991,NL,CIN
1991,AL,CLE
1991,AL,DET
1991,NL,HOU
1991,AL,KCR
1991,NL,LAD
1991,AL,MIN
1991,AL,MIL
1991,NL,MON
1991,AL,NYY
1991,NL,NYM
1991,AL,OAK
1991,NL,PHI
1991,NL,PIT
1991,NL,SDP
1991,AL,SEA
1991,NL,SFG
1991,NL,STL
1991,AL,TEX
1991,AL,TOR
1992,NL,ATL
1992,AL,BAL
1992,AL,BOS
1992,AL,CAL
1992,AL,CHW
1992,NL,CHC
1992,NL,CIN
1992,AL,CLE
1992,AL,DET
1992,NL,HOU
1992,AL,KCR
1992,NL,LAD
1992,AL,MIN
1992,AL,MIL
1992,NL,MON
1992,AL,NYY
1992,NL,NYM
1992,AL,OAK
1992,NL,PHI
1992,NL,PIT
1992,NL,SDP
1992,AL,SEA
1992,NL,SFG
1992,NL,STL
1992,AL,TEX
1992,AL,TOR
1993,NL,ATL
1993,AL,BAL
1993,AL,BOS
1993,AL,CAL
1993,AL,CHW
1993,NL,CHC
1993,NL,CIN
1993,AL,CLE
1993,NL,COL
1993,AL,DET
1993,NL,FLA
1993,NL,HOU
1993,AL,KCR
1993,NL,LAD
1993,AL,MIN
1993,AL,MIL
1993,NL,MON
1993,AL,NYY
1993,NL,NYM
1993,AL,OAK
1993,NL,PHI
1993,NL,PIT
1993,NL,SDP
1993,AL,SEA
1993,NL,SFG
1993,NL,STL
1993,AL,TEX
1993,AL,TOR
1994,NL,ATL
1994,AL,BAL
1994,AL,BOS
1994,AL,CAL
1994,AL,CHW
1994,NL,CHC
1994,NL,CIN
1994,AL,CLE
1994,NL,COL
1994,AL,DET
1994,NL,FLA
1994,NL,HOU
1994,AL,KCR
1994,NL,LAD
1994,AL,MIN
1994,AL,MIL
1994,NL,MON
1994,AL,NYY
1994,NL,NYM
1994,AL,OAK
1994,NL,PHI
1994,NL,PIT
1994,NL,SDP
1994,AL,SEA
1994,NL,SFG
1994,NL,STL
1994,AL,TEX
1994,AL,TOR
1995,NL,ATL
1995,AL,BAL
1995,AL,BOS
1995,AL,CAL
1995,AL,CHW
1995,NL,CHC
1995,NL,CIN
1995,AL,CLE
1995,NL,COL
1995,AL,DET
1995,NL,FLA
1995,NL,HOU
1995,AL,KCR
1995,NL,LAD
1995,AL,MIN
1995,AL,MIL
1995,NL,MON
1995,AL,NYY
1995,NL,NYM
1995,AL,OAK
1995,NL,PHI
1995,NL,PIT
1995,NL,SDP
1995,AL,SEA
1995,NL,SFG
1995,NL,STL
1995,AL,TEX
1995,AL,TOR
1996,NL,ATL
1996,AL,BAL
1996,AL,BOS
1996,AL,CAL
1996,AL,CHW
1996,NL,CHC
1996,NL,CIN
1996,AL,CLE
1996,NL,COL
1996,AL,DET
1996,NL,FLA
1996,NL,HOU
1996,AL,KCR
1996,NL,LAD
1996,AL,MIN
1996,AL,MIL
1996,NL,MON
1996,AL,NYY
1996,NL,NYM
1996,AL,OAK
1996,NL,PHI
1996,NL,PIT
1996,NL,SDP
1996,AL,SEA
1996,NL,SFG
1996,NL,STL
1996,AL,TEX
1996,AL,TOR
1997,AL,ANA
1997,NL,ATL
1997,AL,BAL
1997,AL,BOS
1997,AL,CHW
1997,NL,CHC
1997,NL,CIN
1997,AL,CLE
1997,NL,COL
1997,AL,DET
1997,NL,FLA
1997,NL,HOU
1997,AL,KCR
1997,NL,LAD
1997,AL,MIN
1997,AL,MIL
1997,NL,MON
1997,AL,NYY
1997,NL,NYM
1997,AL,OAK
1997,NL,PHI
1997,NL,PIT
1997,NL,SDP
1997,AL,SEA
1997,NL,SFG
1997,NL,STL
1997,AL,TEX
1997,AL,TOR
1998,AL,ANA
1998,NL,ARI
1998,NL,ATL
1998,AL,BAL
1998,AL,BOS
1998,AL,CHW
1998,NL,CHC
1998,NL,CIN
1998,AL,CLE
1998,NL,COL
1998,AL,DET
1998,NL,FLA
1998,NL,HOU
1998,AL,KCR
1998,NL,LAD
1998,NL,MIL
1998,AL,MIN
1998,NL,MON
1998,AL,NYY
1998,NL,NYM
1998,AL,OAK
1998,NL,PHI
1998,NL,PIT
1998,NL,SDP
1998,AL,SEA
1998,NL,SFG
1998,NL,STL
1998,AL,TBD
1998,AL,TEX
1998,AL,TOR
1999,AL,ANA
1999,NL,ARI
1999,NL,ATL
1999,AL,BAL
1999,AL,BOS
1999,AL,CHW
1999,NL,CHC
1999,NL,CIN
1999,AL,CLE
1999,NL,COL
1999,AL,DET
1999,NL,FLA
1999,NL,HOU
1999,AL,KCR
1999,NL,LAD
1999,NL,MIL
1999,AL,MIN
1999,NL,MON
1999,AL,NYY
1999,NL,NYM
1999,AL,OAK
1999,NL,PHI
1999,NL,PIT
1999,NL,SDP
1999,AL,SEA
1999,NL,SFG
1999,NL,STL
1999,AL,TBD
1999,AL,TEX
1999,AL,TOR
2000,AL,ANA
2000,NL,ARI
2000,NL,ATL
2000,AL,BAL
2000,AL,BOS
2000,AL,CHW
2000,NL,CHC
2000,NL,CIN
2000,AL,CLE
2000,NL,COL
2000,AL,DET
2000,NL,FLA
2000,NL,HOU
2000,AL,KCR
2000,NL,LAD
2000,NL,MIL
2000,AL,MIN
2000,NL,MON
2000,AL,NYY
2000,NL,NYM
2000,AL,OAK
2000,NL,PHI
2000,NL,PIT
2000,NL,SDP
2000,AL,SEA
2000,NL,SFG
2000,NL,STL
2000,AL,TBD
2000,AL,TEX
2000,AL,TOR
2001,AL,ANA
2001,NL,ARI
2001,NL,ATL
2001,AL,BAL
2001,AL,BOS
2001,AL,CHW
2001,NL,CHC
2001,NL,CIN
2001,AL,CLE
2001,NL,COL
2001,AL,DET
2001,NL,FLA
2001,NL,HOU
2001,AL,KCR
2001,NL,LAD
2001,NL,MIL
2001,AL,MIN
2001,NL,MON
2001,AL,NYY
2001,NL,NYM
2001,AL,OAK
2001,NL,PHI
2001,NL,PIT
2001,NL,SDP
2001,AL,SEA
2001,NL,SFG
2001,NL,STL
2001,AL,TBD
2001,AL,TEX
2001,AL,TOR
2002,AL,ANA
2002,NL,ARI
2002,NL,ATL
2002,AL,BAL
2002,AL,BOS
2002,AL,CHW
2002,NL,CHC
2002,NL,CIN
2002,AL,CLE
2002,NL,COL
2002,AL,DET
2002,NL,FLA
2002,NL,HOU
2002,AL,KCR
2002,NL,LAD
2002,NL,MIL
2002,AL,MIN
2002,NL,MON
2002,AL,NYY
2002,NL,NYM
2002,AL,OAK
2002,NL,PHI
2002,NL,PIT
2002,NL,SDP
2002,AL,SEA
2002,NL,SFG
2002,NL,STL
2002,AL,TBD
2002,AL,TEX
2002,AL,TOR
2003,AL,ANA
2003,NL,ARI
2003,NL,ATL
2003,AL,BAL
2003,AL,BOS
2003,AL,CHW
2003,NL,CHC
2003,NL,CIN
2003,AL,CLE
2003,NL,COL
2003,AL,DET
2003,NL,FLA
2003,NL,HOU
2003,AL,KCR
2003,NL,LAD
2003,NL,MIL
2003,AL,MIN
2003,NL,MON
2003,AL,NYY
2003,NL,NYM
2003,AL,OAK
2003,NL,PHI
2003,NL,PIT
2003,NL,SDP
2003,AL,SEA
2003,NL,SFG
2003,NL,STL
2003,AL,TBD
2003,AL,TEX
2003,AL,TOR
2004,AL,ANA
2004,NL,ARI
2004,NL,ATL
2004,AL,BAL
2004,AL,BOS
2004,AL,CHW
2004,NL,CHC
2004,NL,CIN
2004,AL,CLE
2004,NL,COL
2004,AL,DET
2004,NL,FLA
2004,NL,HOU
2004,AL,KCR
2004,NL,LAD
2004,NL,MIL
2004,AL,MIN
2004,NL,MON
2004,AL,NYY
2004,NL,NYM
2004,AL,OAK
2004,NL,PHI
2004,NL,PIT
2004,NL,SDP
2004,AL,SEA
2004,NL,SFG
2004,NL,STL
2004,AL,TBD
2004,AL,TEX
2004,AL,TOR
2005,NL,ARI
2005,NL,ATL
2005,AL,BAL
2005,AL,BOS
2005,AL,CHW
2005,NL,CHC
2005,NL,CIN
2005,AL,CLE
2005,NL,COL
2005,AL,DET
2005,NL,FLA
2005,NL,HOU
2005,AL,KCR
2005,AL,LAA
2005,NL,LAD
2005,NL,MIL
2005,AL,MIN
2005,AL,NYY
2005,NL,NYM
2005,AL,OAK
2005,NL,PHI
2005,NL,PIT
2005,NL,SDP
2005,AL,SEA
2005,NL,SFG
2005,NL,STL
2005,AL,TBD
2005,AL,TEX
2005,AL,TOR
2005,NL,WSN
2006,NL,ARI
2006,NL,ATL
2006,AL,BAL
2006,AL,BOS
2006,AL,CHW
2006,NL,CHC
2006,NL,CIN
2006,AL,CLE
2006,NL,COL
2006,AL,DET
2006,NL,FLA
2006,NL,HOU
2006,AL,KCR
2006,AL,LAA
2006,NL,LAD
2006,NL,MIL
2006,AL,MIN
2006,AL,NYY
2006,NL,NYM
2006,AL,OAK
2006,NL,PHI
2006,NL,PIT
2006,NL,SDP
2006,AL,SEA
2006,NL,SFG
2006,NL,STL
2006,AL,TBD
2006,AL,TEX
2006,AL,TOR
2006,NL,WSN
2007,NL,ARI
2007,NL,ATL
2007,AL,BAL
2007,AL,BOS
2007,AL,CHW
2007,NL,CHC
2007,NL,CIN
2007,AL,CLE
2007,NL,COL
2007,AL,DET
2007,NL,FLA
2007,NL,HOU
2007,AL,KCR
2007,AL,LAA
2007,NL,LAD
2007,NL,MIL
2007,AL,MIN
2007,AL,NYY
2007,NL,NYM
2007,AL,OAK
2007,NL,PHI
2007,NL,PIT
2007,NL,SDP
2007,AL,SEA
2007,NL,SFG
2007,NL,STL
2007,AL,TBD
2007,AL,TEX
2007,AL,TOR
2007,NL,WSN
2008,NL,ARI
2008,NL,ATL
2008,AL,BAL
2008,AL,BOS
2008,AL,CHW
2008,NL,CHC
2008,NL,CIN
2008,AL,CLE
2008,NL,COL
2008,AL,DET
2008,NL,FLA
2008,NL,HOU
2008,AL,KCR
2008,AL,LAA
2008,NL,LAD
2008,NL,MIL
2008,AL,MIN
2008,AL,NYY
2008,NL,NYM
2008,AL,OAK
2008,NL,PHI
2008,NL,PIT
2008,NL,SDP
2008,AL,SEA
2008,NL,SFG
2008,NL,STL
2008,AL,TBR
2008,AL,TEX
2008,AL,TOR
2008,NL,WSN
2009,NL,ARI
2009,NL,ATL
2009,AL,BAL
2009,AL,BOS
2009,AL,CHW
2009,NL,CHC
2009,NL,CIN
2009,AL,CLE
2009,NL,COL
2009,AL,DET
2009,NL,FLA
2009,NL,HOU
2009,AL,KCR
2009,AL,LAA
2009,NL,LAD
2009,NL,MIL
2009,AL,MIN
2009,AL,NYY
2009,NL,NYM
2009,AL,OAK
2009,NL,PHI
2009,NL,PIT
2009,NL,SDP
2009,AL,SEA
2009,NL,SFG
2009,NL,STL
2009,AL,TBR
2009,AL,TEX
2009,AL,TOR
2009,NL,WSN
2010,NL,ARI
2010,NL,ATL
2010,AL,BAL
2010,AL,BOS
2010,AL,CHW
2010,NL,CHC
2010,NL,CIN
2010,AL,CLE
2010,NL,COL
2010,AL,DET
2010,NL,FLA
2010,NL,HOU
2010,AL,KCR
2010,AL,LAA
2010,NL,LAD
2010,NL,MIL
2010,AL,MIN
2010,AL,NYY
2010,NL,NYM
2010,AL,OAK
2010,NL,PHI
2010,NL,PIT
2010,NL,SDP
2010,AL,SEA
2010,NL,SFG
2010,NL,STL
2010,AL,TBR
2010,AL,TEX
2010,AL,TOR
2010,NL,WSN
2011,NL,ARI
2011,NL,ATL
2011,AL,BAL
2011,AL,BOS
2011,AL,CHW
2011,NL,CHC
2011,NL,CIN
2011,AL,CLE
2011,NL,COL
2011,AL,DET
2011,NL,FLA
2011,NL,HOU
2011,AL,KCR
2011,AL,LAA
2011,NL,LAD
2011,NL,MIL
2011,AL,MIN
2011,AL,NYY
2011,NL,NYM
2011,AL,OAK
2011,NL,PHI
2011,NL,PIT
2011,NL,SDP
2011,AL,SEA
2011,NL,SFG
2011,NL,STL
2011,AL,TBR
2011,AL,TEX
2011,AL,TOR
2011,NL,WSN
2012,NL,ARI
2012,NL,ATL
2012,AL,BAL
2012,AL,BOS
2012,AL,CHW
2012,NL,CHC
2012,NL,CIN
2012,AL,CLE
2012,NL,COL
2012,AL,DET
2012,NL,HOU
2012,AL,KCR
2012,AL,LAA
2012,NL,LAD
2012,NL,MIA
2012,NL,MIL
2012,AL,MIN
2012,AL,NYY
2012,NL,NYM
2012,AL,OAK
2012,NL,PHI
2012,NL,PIT
2012,NL,SDP
2012,AL,SEA
2012,NL,SFG
2012,NL,STL
2012,AL,TBR
2012,AL,TEX
2012,AL,TOR
2012,NL,WSN
2013,NL,ARI
2013,NL,ATL
2013,AL,BAL
2013,AL,BOS
2013,AL,CHW
2013,NL,CHC
2013,NL,CIN
2013,AL,CLE
2013,NL,COL
2013,AL,DET
2013,AL,HOU
2013,AL,KCR
2013,AL,LAA
2013,NL,LAD
2013,NL,MIA
2013,NL,MIL
2013,AL,MIN
2013,AL,NYY
2013,NL,NYM
2013,AL,OAK
2013,NL,PHI
2013,NL,PIT
2013,NL,SDP
2013,AL,SEA
2013,NL,SFG
2013,NL,STL
2013,AL,TBR
2013,AL,TEX
2013,AL,TOR
2013,NL,WSN
2014,NL,ARI
2014,NL,ATL
2014,AL,BAL
2014,AL,BOS
2014,AL,CHW
2014,NL,CHC
2014,NL,CIN
2014,AL,CLE
2014,NL,COL
2014,AL,DET
2014,AL,HOU
2014,AL,KCR
2014,AL,LAA
2014,NL,LAD
2014,NL,MIA
2014,NL,MIL
2014,AL,MIN
2014,AL,NYY
2014,NL,NYM
2014,AL,OAK
2014,NL,PHI
2014,NL,PIT
2014,NL,SDP
2014,AL,SEA
2014,NL,SFG
2014,NL,STL
2014,AL,TBR
2014,AL,TEX
2014,AL,TOR
2014,NL,WSN
2015,NL,ARI
2015,NL,ATL
2015,AL,BAL
2015,AL,BOS
2015,AL,CHW
2015,NL,CHC
2015,NL,CIN
2015,AL,CLE
2015,NL,COL
2015,AL,DET
2015,AL,HOU
2015,AL,KCR
2015,AL,LAA
2015,NL,LAD
2015,NL,MIA
2015,NL,MIL
2015,AL,MIN
2015,AL,NYY
2015,NL,NYM
2015,AL,OAK
2015,NL,PHI
2015,NL,PIT
2015,NL,SDP
2015,AL,SEA
2015,NL,SFG
2015,NL,STL
2015,AL,TBR
2015,AL,TEX
2015,AL,TOR
2015,NL,WSN
2016,NL,ARI
2016,NL,ATL
2016,AL,BAL
2016,AL,BOS
2016,AL,CHW
2016,NL,CHC
2016,NL,CIN
2016,AL,CLE
2016,NL,COL
2016,AL,DET
2016,AL,HOU
2016,AL,KCR
2016,AL,LAA
2016,NL,LAD
2016,NL,MIA
2016,NL,MIL
2016,AL,MIN
2016,AL,NYY
2016,NL,NYM
2016,AL,OAK
2016,NL,PHI
2016,NL,PIT
2016,NL,SDP
2016,AL,SEA
2016,NL,SFG
2016,NL,STL
2016,AL,TBR
2016,AL,TEX
2016,AL,TOR
2016,NL,WSN
2017,NL,ARI
2017,NL,ATL
2017,AL,BAL
2017,AL,BOS
2017,AL,CHW
2017,NL,CHC
2017,NL,CIN
2017,AL,CLE
2017,NL,COL
2017,AL,DET
2017,AL,HOU
2017,AL,KCR
2017,AL,LAA
2017,NL,LAD
2017,NL,MIA
2017,NL,MIL
2017,AL,MIN
2017,AL,NYY
2017,NL,NYM
2017,AL,OAK
2017,NL,PHI
2017,NL,PIT
2017,NL,SDP
2017,AL,SEA
2017,NL,SFG
2017,NL,STL
2017,AL,TBR
2017,AL,TEX
2017,AL,TOR
2017,NL,WSN
2018,NL,ARI
2018,NL,ATL
2018,AL,BAL
2018,AL,BOS
2018,AL,CHW
2018,NL,CHC
2018,NL,CIN
2018,AL,CLE
2018,NL,COL
2018,AL,DET
2018,AL,HOU
2018,AL,KCR
2018,AL,LAA
2018,NL,LAD
2018,NL,MIA
2018,NL,MIL
2018,AL,MIN
2018,AL,NYY
2018,NL,NYM
2018,AL,OAK
2018,NL,PHI
2018,NL,PIT
2018,NL,SDP
2018,AL,SEA
2018,NL,SFG
2018,NL,STL
2018,AL,TBR
2018,AL,TEX
2018,AL,TOR
2018,NL,WSN
